unitlevel,unitname,datein,userin,status,unitengname,level,unittype
3,ภาควิชากายวิภาคศาสตร์ คณะแพทยศาสตร์ศิริราชพยาบาล,2022-03-14 08:54:29,0,y,,0,0
3,ภาควิชากุมารเวชศาสตร์ คณะแพทยศาสตร์ศิริราชพยาบาล,2022-03-14 08:54:29,0,y,,0,0
3,ภาควิชาจักษุวิทยา คณะแพทยศาสตร์ศิริราชพยาบาล,2022-03-14 08:54:29,0,y,,0,0
3,ภาควิชาจิตเวชศาสตร์ คณะแพทยศาสตร์ศิริราชพยาบาล,2022-03-14 08:54:29,0,y,,0,0
3,ภาควิชาจุลชีววิทยา คณะแพทยศาสตร์ศิริราชพยาบาล,2022-03-14 08:54:29,0,y,,0,0
3,ภาควิชาชีวเคมี คณะแพทยศาสตร์ศิริราชพยาบาล,2022-03-14 08:54:29,0,y,,0,0
3,ภาควิชาตจวิทยา,2022-03-14 08:54:29,0,n,,0,0
3,ภาควิชานิติเวชศาสตร์,2022-03-14 08:54:29,0,y,,0,0
3,ภาควิชาปรสิตวิทยา,2022-03-14 08:54:29,0,y,,0,0
3,ภาควิชาพยาธิวิทยาคลินิก,2022-03-14 08:54:29,0,y,,0,0
3,ภาควิชาเภสัชวิทยา,2022-03-14 08:54:29,0,y,,0,0
3,ภาควิชารังสีวิทยา,2022-03-14 08:54:29,0,y,,0,0
3,ภาควิชาวิทยาภูมิคุ้มกัน,2022-03-14 08:54:29,0,y,,0,0
3,ภาควิชาวิสัญญีวิทยา,2022-03-14 08:54:29,0,y,,0,0
3,ภาควิชาเวชศาสตร์การธนาคารเลือด,2022-03-14 08:54:29,0,y,,0,0
3,ภาควิชาเวชศาสตร์ป้องกันและสังคม,2022-03-14 08:54:29,0,y,,0,0
3,ภาควิชาเวชศาสตร์ฟื้นฟู,2022-03-14 08:54:29,0,y,,0,0
3,ภาควิชศัลยศาสตร์,2022-03-14 08:54:29,0,n,,0,0
3,ภาควิชาศัลยศาสตร์ออร์โธปิดิกส์ และกายภาพบำบัด,2022-03-14 08:54:29,0,y,,0,0
3,ภาควิชาสรีระวิทยา,2022-03-14 08:54:29,0,n,,0,0
3,ภาควิชาสูติศาสตร์-นรีเวชวิทยา,2022-03-14 08:54:29,0,y,,0,0
3,ภาควิชาโสต นาสิก ลาริงซ์วิทยา,2022-03-14 08:54:29,0,y,,0,0
3,ภาควิชาอายุรศาสตร์,2022-03-14 08:54:29,0,n,,0,0
3,งานกำจัดน้ำเสีย,2022-03-14 08:54:29,0,y,,0,0
3,งานอาคารสถานที่และยานพาหนะ,2022-03-14 08:54:29,0,y,,0,0
3,หัวหน้างานสื่อสาร,2022-03-14 08:54:29,0,y,,,0
3,งานอุปกรณ์ทางการแพทย์,2022-03-14 08:54:29,0,y,,0,0
3,งานโรคติดเชื้อ  โรงพยาบาลศิริราช,2022-03-14 08:54:29,0,y,,0,0
3,งานเปลี่ยนอวัยวะศิริราช,2022-03-14 08:54:29,0,y,,0,0
3,ประธานกรรมการบริหารศูนย์พิษวิทยา ,2022-03-14 08:54:29,0,y,,0,0
3,งานบริหารและธุรการสารบรรณคณะ ฯ ,2022-03-14 08:54:29,0,y,,0,0
3,งานการเจ้าหน้าที่ สนง.คณบดี,2022-03-14 08:54:29,0,y,,0,0
3,งานคลัง,2022-03-14 08:54:29,0,n,,0,0
3,งานพัสดุ คณะแพทยศาสตรศิริราชพยาบาล,2022-03-14 08:54:29,0,y,,0,0
3,งานนโยบายและแผน,2022-03-14 08:54:29,0,n,,0,0
3,งานประชาสัมพันธ์,2022-03-14 08:54:29,0,n,,0,0
3,งานบริการการศึกษา,2022-03-14 08:54:29,0,n,,0,0
3,งานแพทยศาสตรศึกษา,2022-03-14 08:54:29,0,y,,0,0
3,งานการศึกษาต่อเนื่อง,2022-03-14 08:54:29,0,n,,0,0
3,งานกิจการนักศึกษา,2022-03-14 08:54:29,0,n,,0,0
3,รองคณบดีฝ่ายเวชสารสนเทศ,2022-03-14 08:54:29,0,n,,0,0
3,สนง.รองคณบดีฝ่ายพัฒนาคุณภาพงาน,2022-03-14 08:54:29,0,n,,0,0
3,สภาวิชาการมหาวิทยาลัยมหิดล,2022-03-14 08:54:29,0,y,,0,0
3,กองคลัง มหาวิทยาลัยมหิดล,2022-03-14 08:54:29,0,y,,0,0
3,คณะกรรมการพัฒนาคุณภาพห้องปฏิบัติการ,2022-03-14 08:54:29,0,n,,0,0
3,หน่วยระบาดวิทยาคลินิก สถานส่งเสริมการวิจัย ,2022-03-14 08:54:29,0,y,,0,0
3,มหิดล ศาลายา,2022-03-14 08:54:29,0,n,,0,0
3,งานบริการการศึกษา,2022-03-14 08:54:29,0,y,,0,0
3,กองการเจ้าหน้าที่,2022-03-14 08:54:29,0,n,,0,0
3,ศูนย์ปฏิบัติการคอมพิวเตอร์ศิริราช,2022-03-14 08:54:29,0,y,,0,0
3,กรมบัญชีกลาง,2022-03-14 08:54:29,0,y,,0,0
3,สมาคมต่อมไร้ท่อฯ,2022-03-14 08:54:29,0,y,,0,0
3,การเงิน ป.,2022-03-14 08:54:29,0,n,,0,0
3,สมาคมโรคติดเชื้อฯ,2022-03-14 08:54:29,0,y,,0,0
3,สมาคมแพทย์โรคหัวใจแห่งประเทศไทย ในพระบรมราชูปถัมภ์ ,2022-03-14 08:54:29,0,y,,0,0
3,สถาบันประสาทวิทยา,2022-03-14 08:54:29,0,y,,0,0
3,กองบริหารงานวิจัย มหาวิทยาลัยมหิดล,2022-03-14 08:54:29,0,y,,0,0
3,สนง.เลขาธิการ ,2022-03-14 08:54:29,0,y,,,0
3,บัณฑิตวิทยาลัย มหาวิทยาลัยมหิดล,2022-03-14 08:54:29,0,y,,0,0
3,สนง.ปลัดทบวงมหาวิทยาลัย,2022-03-14 08:54:29,0,y,,0,0
3,สนง.คณะกรรมการประชุมวิชาการ,2022-03-14 08:54:29,0,y,,0,0
3,ผู้ตรวจการ งานการพยาบาลอายุรศาสตร์และจิตเวชศาสตร์,2022-03-14 08:54:29,0,y,,,0
3,กองทุนบำเหน็จบำนาญข้าราชการ,2022-03-14 08:54:29,0,y,,0,0
3,สนง.คลินิกพิเศษนอกเวลาราชการ,2022-03-14 08:54:29,0,y,,0,0
3,งานรับนักศึกษา บัณฑิตวิทยาลัย,2022-03-14 08:54:29,0,y,,0,0
3,หน่วยวิเทศสัมพันธ์ คณะฯ,2022-03-14 08:54:29,0,n,,0,0
3,ชุมนุมพุทธธรรมศิริราช,2022-03-14 08:54:29,0,y,,0,0
3,หน่วยการประชุม งานบริหารและธุรการคณะฯ,2022-03-14 08:54:29,0,y,,0,0
3,ราชวิทยาลัยอายุรแพทย์ฯ,2022-03-14 08:54:29,0,n,,0,0
3,บริษัท โนวาร์ตีส ( ประเทศไทย ) ,2022-03-14 08:54:29,0,y,,0,0
3,สมาคมศิษย์เก่ามหาวิทยาลัยมหิดล ในพระบรมราชูปถัมภ์,2022-03-14 08:54:29,0,y,,0,0
3,สนง.คณะกรรมการจริยธรรมการวิจัยในคน,2022-03-14 08:54:29,0,n,,0,0
3,สโมสรนักศึกษาแพทย์ศิริราช,2022-03-14 08:54:29,0,y,,0,0
3,มหาวิทยาลัยมหิดล,2022-03-14 08:54:29,0,n,,0,0
3,สนง.คณะกรรมการวิจัยแห่งชาติ,2022-03-14 08:54:29,0,y,,0,0
3,สนง.รองคณบดีฝ่ายวิชาการ,2022-03-14 08:54:29,0,n,,0,0
3,กรมควบคุมโรค,2022-03-14 08:54:29,0,n,,0,0
3,มหาวิทยาลัยมหิดล,2022-03-14 08:54:29,0,y,,0,0
3,ราชวิทยาลัยอายุรแพทย์แห่งประเทศไทย,2022-03-14 08:54:29,0,y,,0,0
3,องค์กรแพทย์ศิริราช,2022-03-14 08:54:29,0,n,,0,0
3,คณะกรรมการประกันสังคม,2022-03-14 08:54:29,0,n,,0,0
3,งานบริการสุขภาพปฐมภูมิศิริราช,2022-03-14 08:54:29,0,y,,,0
3,ทบวงมหาวิทยาลัย,2022-03-14 08:54:29,0,n,,0,0
3,สำนักเลขาธิการคณะรัฐมนตรี,2022-03-14 08:54:29,0,y,,0,0
3,ห้องสมุดคณะแพทยศาสตร์ศิริราชพยาบาล,2022-03-14 08:54:29,0,y,,0,0
3,คณะแพทยศาสตร์   มหาวิทยาลัยสงขลานครินทร์,2022-03-14 08:54:29,0,y,,0,0
3,สมาคมศิษย์เก่าบัณฑิตวิทยาลัย ม.มหิดล ,2022-03-14 08:54:29,0,y,,0,0
3,สนง.รองคณบดีฝ่ายทรัพยากรบุคคล,2022-03-14 08:54:29,0,n,,0,0
3,คณะแพทยศาสตร์ รพ.รามาธิบดี,2022-03-14 08:54:29,0,y,,0,0
3,สภามหาวิทยาลัยมหิดล,2022-03-14 08:54:29,0,n,,0,0
3,ประธานสภาอาจารย์ศิริราช,2022-03-14 08:54:29,0,y,,,0
3,ศูนย์ฝึกอบรมปฏิบัติการช่วยชีวิต,2022-03-14 08:54:29,0,y,,0,0
3,สมาคมความดันโลหิตสูงแห่งประเทศไทย,2022-03-14 08:54:29,0,y,,0,0
3,สมาคมเทคนิคการแพทย์,2022-03-14 08:54:29,0,y,,0,0
3,ฝ่ายทรัพยากรบุคคล,2022-03-14 08:54:29,0,n,,0,0
3,สนง.คณะกรรมการอุดมศึกษา,2022-03-14 08:54:29,0,n,,0,0
3,เลขานุการคณะฯ,2022-03-14 08:54:29,0,n,,0,0
3,รองคณบดีฝ่ายการคลัง,2022-03-14 08:54:29,0,y,,0,0
3,คณะกรรมการดำเนินงานประกันสังคม,2022-03-14 08:54:29,0,y,,0,0
3,อ.จินตนา  ศรีนาวิน,2022-03-14 08:54:29,0,n,,0,0
3,มหาวิทยาลัยธรรมศาสตร์,2022-03-14 08:54:29,0,y,,0,0
3,ศิริราชมูลนิธิ,2022-03-14 08:54:29,0,n,,0,0
3,สนง.ผู้อำนวยการโรงพยาบาลศิริราช,2022-03-14 08:54:29,0,y,,0,0
3,หอผู้ป่วย มว 2,2022-03-14 08:54:29,0,n,,0,0
3,อดุลยเดชวิกรมชั้น 6,2022-03-14 08:54:29,0,n,,0,0
3,บริษัท แอสตร้าเซนเนก้า (ประเทศไทย) จำกัด,2022-03-14 08:54:29,0,y,,0,0
3,สถานการแพทย์แผนไทยประยุกต์,2022-03-14 08:54:29,0,y,,0,0
3,งานสารบรรณ คณะแพทยศาสตร์ศิริราชพยาบาล,2022-03-14 08:54:29,0,n,,0,0
3,บริษัท กริโฟลส์ ( ประเทศไทย ) ,2022-03-14 08:54:29,0,n,,0,0
3,คลินิกพิเศษนอกเวลาราชการ,2022-03-14 08:54:29,0,n,,0,0
3,วิจัยในคน ตึกอดุลยเดชวิกรมชั้น 6,2022-03-14 08:54:29,0,n,,0,0
3,สมาคมโรคลมชักแห่งประเทศไทย,2022-03-14 08:54:29,0,y,,0,0
3,สมาคมประสาทวิทยาแห่งประเทศไทย,2022-03-14 08:54:29,0,y,,0,0
3,รองคณบดีฝ่ายพัฒนาคุณภาพ,2022-03-14 08:54:29,0,n,,0,0
3,คณะกรรมการพัฒนาระบบเวชระเบียนอิเล็กทรอนิกส์,2022-03-14 08:54:29,0,y,,0,0
3,บริษัท อินโดไชน่า เฮลท์ จำกัด,2022-03-14 08:54:29,0,n,,0,0
3,บริษัท ไบเออร์ไทย จำกัด,2022-03-14 08:54:29,0,n,,0,0
3,สมาคมโรคตับ,2022-03-14 08:54:29,0,y,,0,0
3,สมาคมแพทย์ระบบทางเดินอาหารแห่งประเทศไทย,2022-03-14 08:54:29,0,y,,0,0
3,งานประชาสัมพันธ์ ตึกผู้ป่วยนอกเก่าชั้น 1,2022-03-14 08:54:29,0,n,,0,0
3,ประธานคณะกรรมการจริยธรรมการวิจัยในคน,2022-03-14 08:54:29,0,y,,0,0
3,หน่วยวิเทศสัมพันธ์ ตึกอดุลเดชวิกรมชั้น 6,2022-03-14 08:54:29,0,n,,0,0
3,ฝ่ายวิชาการ ตึกอำนวยการชั้น 3,2022-03-14 08:54:29,0,n,,0,0
3,เครือข่ายพัฒนางานประจำสู่งานวิจัย ,2022-03-14 08:54:29,0,y,,0,0
3,หน่วยสร้างเสริมสุขภาพ,2022-03-14 08:54:29,0,n,,0,0
3,รพ.ตากสิน,2022-03-14 08:54:29,0,y,,0,0
3,งานการเจ้าหน้าที่,2022-03-14 08:54:29,0,n,,0,0
3,พิพิธภัณฑ์การแพทย์  ตึกอดุล ชั้น 2,2022-03-14 08:54:29,0,n,,0,0
3,สนง ผู้อำนวย ตึกอำนวยการชั้น 2,2022-03-14 08:54:29,0,n,,0,0
3,คณะแพทยศาสตร์ศิริราชพยาบาล,2022-03-14 08:54:29,0,n,,0,0
3,สนง.รางวัลคุณภาพแห่งชาติ ,2022-03-14 08:54:29,0,n,,0,0
3,บริษัท นภัสยา จำกัด,2022-03-14 08:54:29,0,n,,0,0
3,งานบริหารความเสี่ยงและความปลอดภัยผู้ป่วย,2022-03-14 08:54:29,0,y,,0,0
3,กรมวิทยาศาสตร์การแพทย์ ,2022-03-14 08:54:29,0,y,,0,0
3,โครงการฝึกอบรมแพทย์ประจำบ้าน สาขาเวชศาสตร์ฉุกเฉิน,2022-03-14 08:54:29,0,y,,0,0
3,งานเงินรายได้ ฝ่ายการคลัง ,2022-03-14 08:54:29,0,y,,,0
3,มหาวิทยาลัยธรรมศาสตร์ ศูนย์รังสิต,2022-03-14 08:54:29,0,y,,0,0
3,หน่วยเวชระเบียนผู้ป่วยใน ,2022-03-14 08:54:29,0,y,,0,0
3,หัวหน้างานโรคติดเชื้อ,2022-03-14 08:54:29,0,y,,,0
3,งานบริหารค่าตอบแทน ฝ่ายทรัพยากรบุคคล,2022-03-14 08:54:29,0,n,,0,0
3,กรรมการผู้จัดการศิริราชมูลนิธิ,2022-03-14 08:54:29,0,y,,0,0
3,งานวิเทศสัมพันธ์,2022-03-14 08:54:29,0,n,,0,0
3,งานแพทยศาสตร์ศึกษา ตึกอดุลชั้น 6,2022-03-14 08:54:29,0,n,,0,0
3,พิพิธภัณฑ์การแพทย์  ตึกอดุล ชั้น 2,2022-03-14 08:54:29,0,n,,0,0
3,ฝ่ายการพยาบาล,2022-03-14 08:54:29,0,n,,0,0
3,คณะกรรมการดำเนินการ กองทุนเฉลิมพระเยรติ,2022-03-14 08:54:29,0,n,,0,0
3,รพ.บำรุงราษฎร์ อินเตอร์เนชั่นแนล ,2022-03-14 08:54:29,0,y,,0,0
3,หัวหน้างานบริหารค่าตอบแทน ฝ่ายทรัพยากรบุคคล,2022-03-14 08:54:29,0,y,,0,0
3,สมาคมประกันชีวิตไทย,2022-03-14 08:54:29,0,y,,0,0
3,บริษัท อินโดไชน่า เฮลท์แคร์,2022-03-14 08:54:29,0,n,,0,0
3,บริษัท แกล็กโซสมินไคล์น,2022-03-14 08:54:29,0,n,,0,0
3,คณะแพทยศาสตร์ จุฬาลงกรณ์มหาวิทยาลัย ,2022-03-14 08:54:29,0,y,,0,0
3,หน่วยงบประมาณ,2022-03-14 08:54:29,0,y,,0,0
3,รพ.พระปกเกล้า,2022-03-14 08:54:29,0,y,,0,0
3,รองคณบดีฝ่ายวิจัย,2022-03-14 08:54:29,0,y,,0,0
3,โครงการ SiLIS,2022-03-14 08:54:29,0,y,,0,0
3,รองคณบดี ฝ่ายวิชาการ,2022-03-14 08:54:29,0,y,,0,0
3,กองกิจการนักศึกษา มหาวิทยาลัยมหิดล ,2022-03-14 08:54:29,0,y,,0,0
3,โภชนาศาสตร์คลินิก ศิริราช ,2022-03-14 08:54:29,0,n,,0,0
3,กรม,2022-03-14 08:54:29,0,n,,0,0
3,งานพัฒนาทรัพยากรบุคคล ฝ่ายทรัพยากรบุคคล,2022-03-14 08:54:29,0,n,,0,0
3,สนง. ก.พ.,2022-03-14 08:54:29,0,y,,0,0
3,บริษัท โรเตอร์ ประเทศไทย จำกัด ,2022-03-14 08:54:29,0,n,,0,0
3,กองการเจ้าหน้าที่ สำนักงานอธิการบดี มหาวิทยาลัยมหิดล,2022-03-14 08:54:29,0,y,,0,0
3,สนง.หลักประกันสุขภาพแห่งชาติ,2022-03-14 08:54:29,0,n,,0,0
3,มหาวิทยาลัยศิลปากร,2022-03-14 08:54:29,0,y,,0,0
3,สนง.บริหารเทคโนโลยีสารสนเทศเพื่อพัฒนาการศึกษา ,2022-03-14 08:54:29,0,y,,0,0
3,รองคณบดีฝ่ายการศึกษาหลังปริญญา,2022-03-14 08:54:29,0,y,,0,0
3,"Prescott, kevin",2022-03-14 08:54:29,0,n,,0,0
3,สถานส่งเสริมการวิจัย,2022-03-14 08:54:29,0,n,,0,0
3,สนง.สถานส่งเสริมการวิจัย,2022-03-14 08:54:29,0,n,,0,0
3,หัวหน้างานการพยาบาลตรวจผู้ป่วยนอก,2022-03-14 08:54:29,0,y,,,0
3,งานแพทยศาสตร์ศึกษา ตึกอดุลชั้น 6,2022-03-14 08:54:29,0,n,,0,0
3,งานสิทธิประกันสุขภาพ โรงพยาบาลศิริราช,2022-03-14 08:54:29,0,y,,,0
3,สำนักงานรองคณบดีฝ่ายวิเทศสัมพันธ์และสู่ความเป็นเลิ,2022-03-14 08:54:29,0,n,,0,0
3,ฝ่ายทรัพยากรบุคลากร,2022-03-14 08:54:29,0,n,,0,0
3,อ.นที,2022-03-14 08:54:29,0,n,,0,0
3,หน่วยวิจัยคลินิกศิริราช สถานส่งเสริมการวิจัย,2022-03-14 08:54:29,0,n,,,0
3,หน่วยการศึกษาหลังปริญญา ภาควิชาศัลยศาสตร์ ,2022-03-14 08:54:29,0,y,,0,0
3,บริษัท รัชวิภา เอ็ม อาร์ ไอ เซ็นเตอร์ ,2022-03-14 08:54:29,0,n,,0,0
3,สถานวิทยามะเร็งศิริราช ,2022-03-14 08:54:29,0,y,,0,0
3,สถาบันบำราศนราดูร,2022-03-14 08:54:29,0,y,,0,0
3,รพ.เวชศาสตร์เขตร้อน ,2022-03-14 08:54:29,0,y,,,0
3,งานคุณธรรมและจริยธรรม ,2022-03-14 08:54:29,0,y,,0,0
3,ภาควิชาจิตเวช ม.ขอนแก่น,2022-03-14 08:54:29,0,n,,0,0
3,สนง.ปลัดกระทรวงสาธารณสุข,2022-03-14 08:54:29,0,n,,0,0
3,รพ.ปทุมธานี,2022-03-14 08:54:29,0,y,,0,0
3,รพ.ศูนย์นครปฐม,2022-03-14 08:54:29,0,y,,0,0
3,ฝ่ายเภสัชกรรม,2022-03-14 08:54:29,0,n,,0,0
3,องคมนตรี,2022-03-14 08:54:29,0,n,,0,0
3,วิศวกรรมบริการ ฝ่ายทรัพย์สินและระบบสนับสนุน,2022-03-14 08:54:29,0,y,,0,0
3,ศูนย์ส่องกล้องระบบทางเดินอาหารวีกิจ วีรานุวัตติ์,2022-03-14 08:54:29,0,y,,0,0
3,ศูนย์ประเมินและรับรองความรู้ความสามารถ ฯ,2022-03-14 08:54:29,0,y,,0,0
3,บริษัท มัณฑนาคิดเขียน จำกัด ,2022-03-14 08:54:29,0,n,,0,0
3,หัวหน้างานเวชระเบียน โรงพยาบาลศิริราช,2022-03-14 08:54:29,0,y,,0,0
3,งานเวชภัณฑ์ปลอดเชื้อ รพ.ศิริราช,2022-03-14 08:54:29,0,y,,0,0
3,สนง ศูนย์โรคหัวใจชั้น 7 (คุณ ศิริพร),2022-03-14 08:54:29,0,n,,0,0
3,ภาควิชาศัลย์ศาสตร์ ,2022-03-14 08:54:29,0,n,,0,0
3,ภาควิชาศัลยศาสตร์ ,2022-03-14 08:54:29,0,n,,0,0
3,บริษัท ไบเออร์ไทย จำกัด,2022-03-14 08:54:29,0,y,,0,0
3,หัวหน้าหน่วยตรวจโรคนอก,2022-03-14 08:54:29,0,n,,0,0
3,รองคณบดีฝ่ายทรัพยากรบุคคล( คุณสัมพันธ์ ),2022-03-14 08:54:29,0,y,,,0
3,หัวหน้าเจ้าหน้าที่เวชระเบียน,2022-03-14 08:54:29,0,y,,0,0
3,หัวหน้างานการพยาบาลอายุรศาสตร์และจิตเวชศาสตร์,2022-03-14 08:54:29,0,y,,0,0
3,หัวหน้าฝ่ายการพยาบาล โรงพยาบาลศิริราช ,2022-03-14 08:54:29,0,y,,0,0
3,หัวหน้าหน่วยตรวจรักษาผู้ป่วยนอกอายุรศาสตร์,2022-03-14 08:54:29,0,n,,,0
3,สมาคมการศึกษาเรื่องความปวดแห่งประเทศไทย,2022-03-14 08:54:29,0,y,,0,0
3,รพ.จุฬาลงกรณ์,2022-03-14 08:54:29,0,y,,0,0
3,สมาคมโลหิตวิทยาแห่งประเทศไทย ,2022-03-14 08:54:29,0,y,,0,0
3,สถาบันวิจัยจุฬาภรณ์,2022-03-14 08:54:29,0,y,,0,0
3,แพทย์ขออนุมัติเข้าร่วมประชุม ณ ประเทศ มาเลเซีย วัน,2022-03-14 08:54:29,0,n,,0,0
3,รองคณบดีฯ,2022-03-14 08:54:29,0,n,,0,0
3,โครงการพัฒนาระบบสารสนเทศเพื่อการบริหารจัดการโรงพยา,2022-03-14 08:54:29,0,n,,0,0
3,รองคณบดี ฝ่ายสิเทศสัมพันธ์,2022-03-14 08:54:29,0,n,,0,0
3,สมาคมโรคเบาหวานแห่งประเทศไทย,2022-03-14 08:54:29,0,y,,0,0
3,สถานเทคโนโลยีการศึกษาแพทยศาสตร์,2022-03-14 08:54:29,0,y,,0,0
3,โรงพยาบาลพระปกเกล้า ,2022-03-14 08:54:29,0,n,,0,0
3,สมาคมศิษย์เก่าแพทย์ศิริราชดีเด่น,2022-03-14 08:54:29,0,y,,,0
3,รพ.ประจวบคีรีขันธ์,2022-03-14 08:54:29,0,y,,0,0
3,สำนักงานหลักประกันสุขภาพแห่งชาติ,2022-03-14 08:54:29,0,n,,0,0
3,สถานีตำรวจนครบาลบางกอกน้อย,2022-03-14 08:54:29,0,y,,0,0
3,สถานีตำรวจนครบาลชนะสงคราม,2022-03-14 08:54:29,0,y,,0,0
3,-,2022-03-14 08:54:29,0,n,,0,0
3,มหาวิทยาลัยรังสิต,2022-03-14 08:54:29,0,y,,0,0
3,บริษัท โรช ไทยแลนด์ จำกัด,2022-03-14 08:54:29,0,y,,0,0
3,บริษัท บีเจซี เฮลท์แคร์,2022-03-14 08:54:29,0,n,,0,0
3,สนง.คณะกรรมการอาหารและยา กระทรวงสาธารณสุข,2022-03-14 08:54:29,0,y,,0,0
3,สนง.ศูนย์โรคหัวใจสมเด็จพระบรมราชินีนาถ,2022-03-14 08:54:29,0,y,,0,0
3,รองคณบดีฝ่ายสารสนเทศ,2022-03-14 08:54:29,0,y,,0,0
3,โครงการพัฒนาระบบสารสนเทศเพื่อการบริหารจัดการ รพ.ฯ,2022-03-14 08:54:29,0,y,,0,0
3,งานสถาปัตยกรรม และวิศวกร,2022-03-14 08:54:29,0,n,,0,0
3,บริษัท คณาทรัพย์ร่วมกิจ จำกัด,2022-03-14 08:54:29,0,n,,0,0
3,งานปทระชาสัมพันธ์ กองกลาง สนง.อธิการบดีมหาวิทยาลัย,2022-03-14 08:54:29,0,n,,0,0
3,งานพนักงานสัมพันธ์และสื่อสาร ฝ่ายทรัพยากรบุคคล,2022-03-14 08:54:29,0,y,,,0
3,งานหอสมุด สำนักงานคณบดี,2022-03-14 08:54:29,0,n,,0,0
3,งานการศึกษาต่อเนื่อง,2022-03-14 08:54:29,0,n,,0,0
3,โครงการจัดตั้งภาควิชาเวชศาสตร์ฉุกเฉิน รพ.รามา,2022-03-14 08:54:29,0,n,,0,0
3,R2R   OPD เก่าชั้น 3,2022-03-14 08:54:29,0,n,,0,0
3,ห้องรายงาน อฏ ชั้น 7,2022-03-14 08:54:29,0,n,,0,0
3,ภาควิชาเวชศาสตร์ฟื้นฟู,2022-03-14 08:54:29,0,n,,0,0
3,คณะกรรมการพัฒนางานบริการผู้ป่วยนอก ,2022-03-14 08:54:29,0,y,,0,0
3,สนง.ประกันสังคมเขตพื้นที่ 6,2022-03-14 08:54:29,0,n,,0,0
3,สนง.หลักประกันสุขภาพแห่งชาติ ,2022-03-14 08:54:29,0,n,,0,0
3,ศูนย์การแพทย์โรงพยาบาลกรุงเทพฯ,2022-03-14 08:54:29,0,y,,0,0
3,รพ.มะเร็ง ชลบุรี ,2022-03-14 08:54:29,0,y,,0,0
3,ราชวิทยาลัยศัลยแพทย์แห่งประเทศไทย,2022-03-14 08:54:29,0,y,,0,0
3,บริษัท อมรินทร์พริ้นติ้ง แอนด์ พับลิซซิ่ง จำกัด   ,2022-03-14 08:54:29,0,y,,0,0
3,ภาควิชาพยาธิวิทยา,2022-03-14 08:54:29,0,y,,0,0
3,สำนักงานรองคณบดีฝ่ายวิชาการ,2022-03-14 08:54:29,0,n,,0,0
3,ภาควิชากายวิภาคศาสตร์ รพ.จุฬาฯ ,2022-03-14 08:54:29,0,n,,0,0
3,NOVARTIS ,2022-03-14 08:54:29,0,n,,0,0
3,โครงการจัดตั้งภาควิชาเวชศาสตร์ฉุกเฉิน รพ.รามาฯ,2022-03-14 08:54:29,0,n,,0,0
3,สถาบันมะเร็งแห่งชาติ กรมการแพทย์ ,2022-03-14 08:54:29,0,y,,0,0
3,สนง.คณะกรรมการอุดมศึกษา ,2022-03-14 08:54:29,0,n,,0,0
3,สำนักงานกองทุนสนับสนุน การสร้างเสริมสุขภาพ,2022-03-14 08:54:29,0,y,,0,0
3,คณะกายภาพบำบัดและวิทยาศาสตร์การเคลื่อนไหวประยุกต์ ,2022-03-14 08:54:29,0,y,,0,0
3,รองคณบดี ฝ่ายบริหาร,2022-03-14 08:54:29,0,y,,0,0
3,หน่วยสร้างเสริมสุขภาพ กีฬาและนันทนาการ,2022-03-14 08:54:29,0,y,,0,0
3,หน่วยสร้างเสริมสร้างเสริมสุขภาพ กีฬาและนันทนาการ,2022-03-14 08:54:29,0,n,,0,0
3,ประธานคณะกรรมการดำเนินการหน่วยพัฒนางานประจำสู่งานวิจัย,2022-03-14 08:54:29,0,y,,,0
3,ประธานคณะกรรมการดำเนินการหน่วยพัฒนางานประจำสู่งานวิจัย ( R2R ),2022-03-14 08:54:29,0,y,,,0
3,มหาวิทยาลัยขอนแก่น,2022-03-14 08:54:29,0,y,,0,0
3,รพ.พระมงกุฏเกล้า,2022-03-14 08:54:29,0,n,,0,0
3,สมาคมโรคไตแห่งประเทศไทย,2022-03-14 08:54:29,0,y,,0,0
3,วิทยาลัยแพทยศาสตร์กรุงเทพมหานครและวชิรพยาบาล ,2022-03-14 08:54:29,0,y,,0,0
3,ชมรมหัวใจล้มเหลวแห่งประเทศไทย,2022-03-14 08:54:29,0,y,,0,0
3,บริษัท เอ็มเอส ดี,2022-03-14 08:54:29,0,n,,0,0
3,งานประชาสัมพันธ์ กองกลาง สนง.อธิการบดีมหาวิทยาลัย,2022-03-14 08:54:29,0,n,,0,0
3,งานบริการการศึกษา ตึกอดุลยเดชวิกรมชั้น 6,2022-03-14 08:54:29,0,n,,0,0
3,เลขาธิการคณะกรรมการอาหารและยา,2022-03-14 08:54:29,0,y,,0,0
3,รองคณบดีฝ่ายทรัพย์สินและระบบสนับสนุน,2022-03-14 08:54:29,0,y,,0,0
3,สนง.โครงการพัฒนางานประจำสู่งานวิจัย (R2R),2022-03-14 08:54:29,0,n,,0,0
3,รพ.พระนั่งเกล้า ,2022-03-14 08:54:29,0,y,,0,0
3,สมาคมอุรเวชช์แห่งประเทศไทย ,2022-03-14 08:54:29,0,y,,0,0
3,หัวหน้าภาควิชารังสีวิทยา,2022-03-14 08:54:29,0,y,,0,0
3,รพ.เจ้าพระยา,2022-03-14 08:54:29,0,y,,0,0
3,ชมรมอาชีวอนามัยแห่งประเทศไทย,2022-03-14 08:54:29,0,y,,0,0
3,สนง.ประกันสังคม,2022-03-14 08:54:29,0,y,,0,0
3,สนง รองคณบดีฝ่ายทรัพยากร ตึกอำนวยการชั้น 1 ,2022-03-14 08:54:29,0,n,,0,0
3,ไปรษณีย์,2022-03-14 08:54:29,0,n,,0,0
3,สำนักงานคณบดี,2022-03-14 08:54:29,0,y,,0,0
3,แพทยสภา,2022-03-14 08:54:29,0,n,,0,0
3,สมาคมเวชศาสตร์ฉุกเฉิน,2022-03-14 08:54:29,0,y,,0,0
3,รองคณบดีฝ่ายการศึกษาก่อนปริญญา,2022-03-14 08:54:29,0,y,,0,0
3,บริษัท อีอีซี อินดรัสเตรียล จก.,2022-03-14 08:54:29,0,n,,0,0
3,กรมอนามัย กระทรวงสาธารณสุข,2022-03-14 08:54:29,0,y,,0,0
3,สนง.สถานส่งเสริมการวิจัย,2022-03-14 08:54:29,0,y,,0,0
3,ภาควิชาศัลยศาสตร์ คณะแพทยศาสตร์ศิริราชพยาบาล,2022-03-14 08:54:29,0,y,,0,0
3,ศูนย์วิจัยอนามัยการเจริญพันธ์,2022-03-14 08:54:29,0,n,,0,0
3,งานพัฒนาหลักสูตร บัณฑิตวิทยาลัย ,2022-03-14 08:54:29,0,y,,0,0
3,ภาควิชาตจวิทยา คณะแพทยศาสตร์ศิริราชพยาบาล,2022-03-14 08:54:29,0,y,,0,0
3,ภาควิชาตจวิทยา,2022-03-14 08:54:29,0,n,,0,0
3,YY,2022-03-14 08:54:29,0,n,,0,0
3,aaaaaa,2022-03-14 08:54:29,0,n,,0,0
3,สนง.อีอ้อ  สับแหลก,2022-03-14 08:54:29,0,n,,0,0
3,สำนักงานกองทุนสนับสนุนการวิจัย,2022-03-14 08:54:29,0,y,,0,0
3,สมาคมเทคโนโลยีชีวภาพแห่งประเทศไทย,2022-03-14 08:54:29,0,y,,0,0
3,บริษัท Astra Zeneca ,2022-03-14 08:54:29,0,y,,0,0
3,มะเร็งวิทยาคมแห่งประเทศไทย,2022-03-14 08:54:29,0,n,,0,0
3,มหาวิทยาลัยนเรศวร,2022-03-14 08:54:29,0,y,,0,0